{
  "project_info": {
    "project_number": "149379471911",
    "project_id": "investpro-7d4aa",
    "storage_bucket": "investpro-7d4aa.firebasestorage.app"
  },
  "client": [
    {
      "client_info": {
        "mobilesdk_app_id": "1:149379471911:android:6f76e0aee4cb5f65a4cc02",
        "android_client_info": {
          "package_name": "com.example.InvestPro"
        }
      },
      "oauth_client": [],
      "api_key": [
        {
          "current_key": "AIzaSyCWqTuuKRK5Fj0ay0afACZ45YeqEAg7oXs"
        }
      ],
      "services": {
        "appinvite_service": {
          "other_platform_oauth_client": []
        }
      }
    }
  ],
  "configuration_version": "1"
}